{
    "name": "root",
    "gauges": {
        "MoveBehavior.Policy.Entropy.mean": {
            "value": 2.7218945026397705,
            "min": 2.7198781967163086,
            "max": 2.7399697303771973,
            "count": 7
        },
        "MoveBehavior.Policy.Entropy.sum": {
            "value": 1360947.25,
            "min": 1359982.625,
            "max": 1370379.375,
            "count": 7
        },
        "MoveBehavior.Step.mean": {
            "value": 3499984.0,
            "min": 499973.0,
            "max": 3499984.0,
            "count": 7
        },
        "MoveBehavior.Step.sum": {
            "value": 3499984.0,
            "min": 499973.0,
            "max": 3499984.0,
            "count": 7
        },
        "MoveBehavior.Policy.ExtrinsicValueEstimate.mean": {
            "value": 2316.953857421875,
            "min": 1846.91015625,
            "max": 2341.799560546875,
            "count": 7
        },
        "MoveBehavior.Policy.ExtrinsicValueEstimate.sum": {
            "value": 18656112.0,
            "min": 14887943.0,
            "max": 18924082.0,
            "count": 7
        },
        "MoveBehavior.Environment.EpisodeLength.mean": {
            "value": 850.6558773424191,
            "min": 804.0836012861737,
            "max": 850.9264957264958,
            "count": 7
        },
        "MoveBehavior.Environment.EpisodeLength.sum": {
            "value": 499335.0,
            "min": 492458.0,
            "max": 503011.0,
            "count": 7
        },
        "MoveBehavior.Environment.CumulativeReward.mean": {
            "value": 20339.737925478305,
            "min": 18817.819037250385,
            "max": 20339.737925478305,
            "count": 7
        },
        "MoveBehavior.Environment.CumulativeReward.sum": {
            "value": 11939426.162255764,
            "min": 11500964.738587856,
            "max": 12210662.738157272,
            "count": 7
        },
        "MoveBehavior.Policy.ExtrinsicReward.mean": {
            "value": 20339.737925478305,
            "min": 18817.819037250385,
            "max": 20339.737925478305,
            "count": 7
        },
        "MoveBehavior.Policy.ExtrinsicReward.sum": {
            "value": 11939426.162255764,
            "min": 11500964.738587856,
            "max": 12210662.738157272,
            "count": 7
        },
        "MoveBehavior.Losses.PolicyLoss.mean": {
            "value": 0.023379644127697267,
            "min": 0.022862951312041937,
            "max": 0.024295877850656525,
            "count": 7
        },
        "MoveBehavior.Losses.PolicyLoss.sum": {
            "value": 1.1456025622571662,
            "min": 1.097421662978013,
            "max": 1.181029617714618,
            "count": 7
        },
        "MoveBehavior.Losses.ValueLoss.mean": {
            "value": 14477.305687230948,
            "min": 13893.728205010033,
            "max": 20278.22983640035,
            "count": 7
        },
        "MoveBehavior.Losses.ValueLoss.sum": {
            "value": 709387.9786743164,
            "min": 680792.6820454916,
            "max": 973355.0321472168,
            "count": 7
        },
        "MoveBehavior.Policy.LearningRate.mean": {
            "value": 0.00029980506045314314,
            "min": 0.00029980506045314314,
            "max": 0.00029998486724629425,
            "count": 7
        },
        "MoveBehavior.Policy.LearningRate.sum": {
            "value": 0.014690447962204013,
            "min": 0.01439207876898041,
            "max": 0.0146977922952759,
            "count": 7
        },
        "MoveBehavior.Policy.Epsilon.mean": {
            "value": 0.19993502012938777,
            "min": 0.19993502012938777,
            "max": 0.19999495574708337,
            "count": 7
        },
        "MoveBehavior.Policy.Epsilon.sum": {
            "value": 9.79681598634,
            "min": 9.59735958878,
            "max": 9.799264098180002,
            "count": 7
        },
        "MoveBehavior.Policy.Beta.mean": {
            "value": 0.004996757504456448,
            "min": 0.004996757504456448,
            "max": 0.004999748291779459,
            "count": 7
        },
        "MoveBehavior.Policy.Beta.sum": {
            "value": 0.24484111771836597,
            "min": 0.23986824348012203,
            "max": 0.24496327849918204,
            "count": 7
        },
        "MoveBehavior.IsTraining.mean": {
            "value": 1.0,
            "min": 1.0,
            "max": 1.0,
            "count": 7
        },
        "MoveBehavior.IsTraining.sum": {
            "value": 1.0,
            "min": 1.0,
            "max": 1.0,
            "count": 7
        }
    },
    "metadata": {
        "timer_format_version": "0.1.0",
        "start_time_seconds": "1707035206",
        "python_version": "3.7.9 (tags/v3.7.9:13c94747c7, Aug 17 2020, 18:58:18) [MSC v.1900 64 bit (AMD64)]",
        "command_line_arguments": "C:\\Users\\Val\\UnityProjects\\MagisterkaEnv\\venv\\Scripts\\mlagents-learn --run-id newOne2 --force configuration.yaml",
        "mlagents_version": "0.29.0",
        "mlagents_envs_version": "0.29.0",
        "communication_protocol_version": "1.5.0",
        "pytorch_version": "1.7.0+cpu",
        "numpy_version": "1.21.2",
        "end_time_seconds": "1707038149"
    },
    "total": 2943.6951551,
    "count": 1,
    "self": 0.0033867000001919223,
    "children": {
        "run_training.setup": {
            "total": 0.04054429999999998,
            "count": 1,
            "self": 0.04054429999999998
        },
        "TrainerController.start_learning": {
            "total": 2943.6512241,
            "count": 1,
            "self": 2.9183630000438825,
            "children": {
                "TrainerController._reset_env": {
                    "total": 5.3526981000000005,
                    "count": 1,
                    "self": 5.3526981000000005
                },
                "TrainerController.advance": {
                    "total": 2935.273429999956,
                    "count": 229720,
                    "self": 3.7373154999531835,
                    "children": {
                        "env_step": {
                            "total": 2135.1810493999487,
                            "count": 229720,
                            "self": 1798.463414599944,
                            "children": {
                                "SubprocessEnvManager._take_step": {
                                    "total": 334.7930718999246,
                                    "count": 229720,
                                    "self": 13.19518039993045,
                                    "children": {
                                        "TorchPolicy.evaluate": {
                                            "total": 321.59789149999415,
                                            "count": 446278,
                                            "self": 53.475496899950656,
                                            "children": {
                                                "TorchPolicy.sample_actions": {
                                                    "total": 268.1223946000435,
                                                    "count": 446278,
                                                    "self": 268.1223946000435
                                                }
                                            }
                                        }
                                    }
                                },
                                "workers": {
                                    "total": 1.9245629000803,
                                    "count": 229719,
                                    "self": 0.0,
                                    "children": {
                                        "worker_root": {
                                            "total": 2933.6080058999455,
                                            "count": 229719,