{
    "name": "root",
    "gauges": {
        "MoveBehavior.Policy.Entropy.mean": {
            "value": 2.435127019882202,
            "min": 2.434392213821411,
            "max": 2.718111276626587,
            "count": 54
        },
        "MoveBehavior.Policy.Entropy.sum": {
            "value": 1217446.625,
            "min": 1217079.25,
            "max": 1360403.875,
            "count": 54
        },
        "MoveBehavior.Step.mean": {
            "value": 26999941.0,
            "min": 499936.0,
            "max": 26999941.0,
            "count": 54
        },
        "MoveBehavior.Step.sum": {
            "value": 26999941.0,
            "min": 499936.0,
            "max": 26999941.0,
            "count": 54
        },
        "MoveBehavior.Policy.ExtrinsicValueEstimate.mean": {
            "value": 2673.3544921875,
            "min": 1641.730712890625,
            "max": 2676.3740234375,
            "count": 54
        },
        "MoveBehavior.Policy.ExtrinsicValueEstimate.sum": {
            "value": 21389510.0,
            "min": 13181456.0,
            "max": 21421698.0,
            "count": 54
        },
        "MoveBehavior.Losses.PolicyLoss.mean": {
            "value": 0.022486674610263435,
            "min": 0.02247387278895528,
            "max": 0.024708644636482206,
            "count": 54
        },
        "MoveBehavior.Losses.PolicyLoss.sum": {
            "value": 1.0793603812926449,
            "min": 1.0793603812926449,
            "max": 1.210723587187628,
            "count": 54
        },
        "MoveBehavior.Losses.ValueLoss.mean": {
            "value": 1612.2465031094023,
            "min": 1088.5678653223983,
            "max": 9478.382709701615,
            "count": 54
        },
        "MoveBehavior.Losses.ValueLoss.sum": {
            "value": 77387.8321492513,
            "min": 53339.82540079752,
            "max": 454962.3700656775,
            "count": 54
        },
        "MoveBehavior.Policy.LearningRate.mean": {
            "value": 0.00029839494850251736,
            "min": 0.00029839494850251736,
            "max": 0.0002999846810226063,
            "count": 54
        },
        "MoveBehavior.Policy.LearningRate.sum": {
            "value": 0.014322957528120833,
            "min": 0.014322957528120833,
            "max": 0.014696332917622358,
            "count": 54
        },
        "MoveBehavior.Policy.Epsilon.mean": {
            "value": 0.19946498265583334,
            "min": 0.19946498265583334,
            "max": 0.1999948936725,
            "count": 54
        },
        "MoveBehavior.Policy.Epsilon.sum": {
            "value": 9.57431916748,
            "min": 9.57431916748,
            "max": 9.798777638799999,
            "count": 54
        },
        "MoveBehavior.Policy.Beta.mean": {
            "value": 0.004973302634526083,
            "min": 0.004973302634526083,
            "max": 0.004999745194257751,
            "count": 54
        },
        "MoveBehavior.Policy.Beta.sum": {
            "value": 0.238718526457252,
            "min": 0.238718526457252,
            "max": 0.24493900417612002,
            "count": 54
        },
        "MoveBehavior.Environment.EpisodeLength.mean": {
            "value": 992.3320079522863,
            "min": 901.4817518248175,
            "max": 997.48,
            "count": 54
        },
        "MoveBehavior.Environment.EpisodeLength.sum": {
            "value": 499143.0,
            "min": 494012.0,
            "max": 507025.0,
            "count": 54
        },
        "MoveBehavior.Environment.CumulativeReward.mean": {
            "value": 26101.251910048497,
            "min": 18662.07160836937,
            "max": 26145.331947890107,
            "count": 54
        },
        "MoveBehavior.Environment.CumulativeReward.sum": {
            "value": 13128929.710754395,
            "min": 10226815.241386414,
            "max": 13235550.758377075,
            "count": 54
        },
        "MoveBehavior.Policy.ExtrinsicReward.mean": {
            "value": 26101.251910048497,
            "min": 18662.07160836937,
            "max": 26145.331947890107,
            "count": 54
        },
        "MoveBehavior.Policy.ExtrinsicReward.sum": {
            "value": 13128929.710754395,
            "min": 10226815.241386414,
            "max": 13235550.758377075,
            "count": 54
        },
        "MoveBehavior.IsTraining.mean": {
            "value": 1.0,
            "min": 1.0,
            "max": 1.0,
            "count": 54
        },
        "MoveBehavior.IsTraining.sum": {
            "value": 1.0,
            "min": 1.0,
            "max": 1.0,
            "count": 54
        },
        "WarBehavior.Policy.Entropy.mean": {
            "value": 0.4791586697101593,
            "min": 0.4791586697101593,
            "max": 0.5776760578155518,
            "count": 3
        },
        "WarBehavior.Policy.Entropy.sum": {
            "value": 239564.484375,
            "min": 239564.484375,
            "max": 288867.5,
            "count": 3
        },
        "WarBehavior.Environment.EpisodeLength.mean": {
            "value": 36.25750689218389,
            "min": 36.25750689218389,
            "max": 45.54939018713341,
            "count": 3
        },
        "WarBehavior.Environment.EpisodeLength.sum": {
            "value": 486612.0,
            "min": 486612.0,
            "max": 489246.0,
            "count": 3
        },
        "WarBehavior.Step.mean": {
            "value": 1499994.0,
            "min": 499987.0,
            "max": 1499994.0,
            "count": 3
        },
        "WarBehavior.Step.sum": {
            "value": 1499994.0,
            "min": 499987.0,
            "max": 1499994.0,
            "count": 3
        },
        "WarBehavior.Policy.ExtrinsicValueEstimate.mean": {
            "value": -0.09075824171304703,
            "min": -0.09075824171304703,
            "max": 0.03142296150326729,
            "count": 3
        },
        "WarBehavior.Policy.ExtrinsicValueEstimate.sum": {
            "value": -1426.901123046875,
            "min": -1426.901123046875,
            "max": 469.2705078125,
            "count": 3
        },
        "WarBehavior.Environment.CumulativeReward.mean": {
            "value": -0.08047690014903129,
            "min": -0.08047690014903129,
            "max": 0.18340936598082117,
            "count": 3
        },
        "WarBehavior.Environment.CumulativeReward.sum": {
            "value": -1080.0,
            "min": -1080.0,
            "max": 1970.0,
            "count": 3
        },
        "WarBehavior.Policy.ExtrinsicReward.mean": {
            "value": -0.08047690014903129,
            "min": -0.08047690014903129,
            "max": 0.18340936598082117,
            "count": 3
        },
        "WarBehavior.Policy.ExtrinsicReward.sum": {
            "value": -1080.0,
            "min": -1080.0,
            "max": 1970.0,
            "count": 3
        },
        "WarBehavior.Losses.PolicyLoss.mean": {
            "value": 0.024277002290984125,
            "min": 0.022286464437739694,
            "max": 0.024277002290984125,
            "count": 3
        },
        "WarBehavior.Losses.PolicyLoss.sum": {
            "value": 1.189573112258222,
            "min": 1.0697502930115053,
            "max": 1.189573112258222,
            "count": 3
        },
        "WarBehavior.Losses.ValueLoss.mean": {
            "value": 18.864306457026476,
            "min": 15.05588810675674,
            "max": 18.864306457026476,
            "count": 3
        },
        "WarBehavior.Losses.ValueLoss.sum": {
            "value": 924.3510163942973,
            "min": 722.6826291243235,
            "max": 924.3510163942973,
            "count": 3
        },
        "WarBehavior.Policy.LearningRate.mean": {
            "value": 0.0002999248587593328,
            "min": 0.0002999248587593328,
            "max": 0.0002999849057450314,
            "count": 3
        },