{
    "name": "root",
    "gauges": {
        "MyBehavior.Policy.Entropy.mean": {
            "value": 0.22870397567749023,
            "min": 0.20829595625400543,
            "max": 0.23606355488300323,
            "count": 4
        },
        "MyBehavior.Policy.Entropy.sum": {
            "value": 114348.1015625,
            "min": 43450.09375,
            "max": 114348.1015625,
            "count": 4
        },
        "MyBehavior.Environment.EpisodeLength.mean": {
            "value": 27.422659314422148,
            "min": 26.536622976098688,
            "max": 27.422659314422148,
            "count": 4
        },
        "MyBehavior.Environment.EpisodeLength.sum": {
            "value": 482392.0,
            "min": 177513.0,
            "max": 482392.0,
            "count": 4
        },
        "MyBehavior.Step.mean": {
            "value": 7499998.0,
            "min": 5999971.0,
            "max": 7499998.0,
            "count": 4
        },
        "MyBehavior.Step.sum": {
            "value": 7499998.0,
            "min": 5999971.0,
            "max": 7499998.0,
            "count": 4
        },
        "MyBehavior.Policy.ExtrinsicValueEstimate.mean": {
            "value": 0.28978943824768066,
            "min": 0.11233019083738327,
            "max": 0.35310444235801697,
            "count": 4
        },
        "MyBehavior.Policy.ExtrinsicValueEstimate.sum": {
            "value": 5424.8583984375,
            "min": 2146.517578125,
            "max": 5424.8583984375,
            "count": 4
        },
        "MyBehavior.Environment.CumulativeReward.mean": {
            "value": 0.38599283724631916,
            "min": 0.25002753607225464,
            "max": 0.5239040782037574,
            "count": 4
        },
        "MyBehavior.Environment.CumulativeReward.sum": {
            "value": 6790.0,
            "min": 3430.0,
            "max": 8390.0,
            "count": 4
        },
        "MyBehavior.Policy.ExtrinsicReward.mean": {
            "value": 0.38599283724631916,
            "min": 0.25002753607225464,
            "max": 0.5239040782037574,
            "count": 4
        },
        "MyBehavior.Policy.ExtrinsicReward.sum": {
            "value": 6790.0,
            "min": 3430.0,
            "max": 8390.0,
            "count": 4
        },
        "MyBehavior.Losses.PolicyLoss.mean": {
            "value": 0.02454063309400919,
            "min": 0.023221283712807822,
            "max": 0.02454063309400919,
            "count": 4
        },
        "MyBehavior.Losses.PolicyLoss.sum": {
            "value": 1.2024910216064502,
            "min": 0.39476182311773295,
            "max": 1.2024910216064502,
            "count": 4
        },
        "MyBehavior.Losses.ValueLoss.mean": {
            "value": 24.876239834999552,
            "min": 24.876239834999552,
            "max": 25.73293850957131,
            "count": 4
        },
        "MyBehavior.Losses.ValueLoss.sum": {
            "value": 1218.935751914978,
            "min": 429.95520267486575,
            "max": 1260.913986968994,
            "count": 4
        },
        "MyBehavior.Policy.LearningRate.mean": {
            "value": 0.0002995648611899443,
            "min": 0.0002995648611899443,
            "max": 0.00029964550198051897,
            "count": 4
        },
        "MyBehavior.Policy.LearningRate.sum": {
            "value": 0.014678678198307269,
            "min": 0.005093973533668823,
            "max": 0.014681634012541996,
            "count": 4
        },
        "MyBehavior.Policy.Epsilon.mean": {
            "value": 0.19985495368163267,
            "min": 0.19985495368163267,
            "max": 0.19988183395411768,
            "count": 4
        },
        "MyBehavior.Policy.Epsilon.sum": {
            "value": 9.7928927304,
            "min": 3.3979911772200007,
            "max": 9.79387800214,
            "count": 4
        },
        "MyBehavior.Policy.Beta.mean": {
            "value": 0.004992762188713469,
            "min": 0.004992762188713469,
            "max": 0.004994103514310471,
            "count": 4
        },
        "MyBehavior.Policy.Beta.sum": {
            "value": 0.24464534724696,
            "min": 0.084899759743278,
            "max": 0.244694512306786,
            "count": 4
        },
        "MyBehavior.IsTraining.mean": {
            "value": 1.0,
            "min": 1.0,
            "max": 1.0,
            "count": 4
        },
        "MyBehavior.IsTraining.sum": {
            "value": 1.0,
            "min": 1.0,
            "max": 1.0,
            "count": 4
        }
    },
    "metadata": {
        "timer_format_version": "0.1.0",
        "start_time_seconds": "1705959020",
        "python_version": "3.7.9 (tags/v3.7.9:13c94747c7, Aug 17 2020, 18:58:18) [MSC v.1900 64 bit (AMD64)]",
        "command_line_arguments": "C:\\Users\\Val\\UnityProjects\\MagisterkaEnv\\venv\\Scripts\\mlagents-learn --resume configuration.yaml",
        "mlagents_version": "0.29.0",
        "mlagents_envs_version": "0.29.0",
        "communication_protocol_version": "1.5.0",
        "pytorch_version": "1.7.0+cpu",
        "numpy_version": "1.21.2",
        "end_time_seconds": "1705968476"
    },
    "total": 9454.0559645,
    "count": 1,
    "self": 0.0023069000017130747,
    "children": {
        "run_training.setup": {
            "total": 0.04282649999999999,
            "count": 1,
            "self": 0.04282649999999999
        },
        "TrainerController.start_learning": {
            "total": 9454.010831099999,
            "count": 1,
            "self": 27.320035900480434,
            "children": {
                "TrainerController._reset_env": {
                    "total": 4.1469546,
                    "count": 1,
                    "self": 4.1469546
                },
                "TrainerController.advance": {
                    "total": 9422.487576699517,
                    "count": 2067161,
                    "self": 26.92731170028128,
                    "children": {
                        "env_step": {
                            "total": 8976.911807199209,
                            "count": 2067161,
                            "self": 7522.548559100662,
                            "children": {
                                "SubprocessEnvManager._take_step": {
                                    "total": 1436.750652499185,
                                    "count": 2067161,
                                    "self": 63.18224499926646,
                                    "children": {
                                        "TorchPolicy.evaluate": {
                                            "total": 1373.5684074999185,
                                            "count": 1995037,
                                            "self": 331.81479180058295,
                                            "children": {
                                                "TorchPolicy.sample_actions": {
                                                    "total": 1041.7536156993356,
                                                    "count": 1995037,
                                                    "self": 1041.7536156993356
                                                }
                                            }
                                        }
                                    }
                                },
                                "workers": {
                                    "total": 17.612595599361683,
                                    "count": 2067160,
                                    "self": 0.0,
                                    "children": {
                                        "worker_root": {
                                            "total": 9411.973888200166,
                                            "count": 2067160,
                                            "is_parallel": true,
                                            "self": 3024.0837458000933,