{
    "name": "root",
    "gauges": {
        "MoveBehavior.Policy.Entropy.mean": {
            "value": 1.108328104019165,
            "min": 1.108328104019165,
            "max": 1.1647541522979736,
            "count": 6
        },
        "MoveBehavior.Policy.Entropy.sum": {
            "value": 55408.64453125,
            "min": 1233.474609375,
            "max": 58023.97265625,
            "count": 6
        },
        "MoveBehavior.Environment.EpisodeLength.mean": {
            "value": 15.199935191186002,
            "min": 14.723584905660378,
            "max": 24.214285714285715,
            "count": 6
        },
        "MoveBehavior.Environment.EpisodeLength.sum": {
            "value": 46907.0,
            "min": 1017.0,
            "max": 47046.0,
            "count": 6
        },
        "MoveBehavior.Step.mean": {
            "value": 999997.0,
            "min": 749983.0,
            "max": 999997.0,
            "count": 6
        },
        "MoveBehavior.Step.sum": {
            "value": 999997.0,
            "min": 749983.0,
            "max": 999997.0,
            "count": 6
        },
        "MoveBehavior.Policy.ExtrinsicValueEstimate.mean": {
            "value": 1.1715505123138428,
            "min": 0.3815793991088867,
            "max": 1.1715505123138428,
            "count": 6
        },
        "MoveBehavior.Policy.ExtrinsicValueEstimate.sum": {
            "value": 3706.78564453125,
            "min": 39.60388946533203,
            "max": 3706.78564453125,
            "count": 6
        },
        "MoveBehavior.Environment.CumulativeReward.mean": {
            "value": 1.606019866269514,
            "min": 0.9080558346539009,
            "max": 1.8814245259424425,
            "count": 6
        },
        "MoveBehavior.Environment.CumulativeReward.sum": {
            "value": 4956.17730730772,
            "min": 37.23028922080994,
            "max": 5982.929992496967,
            "count": 6
        },
        "MoveBehavior.Policy.ExtrinsicReward.mean": {
            "value": 1.606019866269514,
            "min": 0.9080558346539009,
            "max": 1.8814245259424425,
            "count": 6
        },
        "MoveBehavior.Policy.ExtrinsicReward.sum": {
            "value": 4956.17730730772,
            "min": 37.23028922080994,
            "max": 5982.929992496967,
            "count": 6
        },
        "MoveBehavior.IsTraining.mean": {
            "value": 1.0,
            "min": 1.0,
            "max": 1.0,
            "count": 6
        },
        "MoveBehavior.IsTraining.sum": {
            "value": 1.0,
            "min": 1.0,
            "max": 1.0,
            "count": 6
        },
        "MoveBehavior.Losses.PolicyLoss.mean": {
            "value": 0.02368505854780475,
            "min": 0.0220905751377965,
            "max": 0.024096638575817148,
            "count": 5
        },
        "MoveBehavior.Losses.PolicyLoss.sum": {
            "value": 0.11842529273902376,
            "min": 0.088362300551186,
            "max": 0.12048319287908574,
            "count": 5
        },
        "MoveBehavior.Losses.ValueLoss.mean": {
            "value": 31.829151789347332,
            "min": 28.838546450932817,
            "max": 33.381289087931314,
            "count": 5
        },
        "MoveBehavior.Losses.ValueLoss.sum": {
            "value": 159.14575894673666,
            "min": 115.35418580373127,
            "max": 166.90644543965658,
            "count": 5
        },
        "MoveBehavior.Policy.LearningRate.mean": {
            "value": 0.0003,
            "min": 0.0003,
            "max": 0.0003,
            "count": 5
        },
        "MoveBehavior.Policy.LearningRate.sum": {
            "value": 0.0014999999999999998,
            "min": 0.0012,
            "max": 0.0014999999999999998,
            "count": 5
        },
        "MoveBehavior.Policy.Epsilon.mean": {
            "value": 0.2000000000000001,
            "min": 0.20000000000000007,
            "max": 0.2000000000000001,
            "count": 5
        },
        "MoveBehavior.Policy.Epsilon.sum": {
            "value": 1.0000000000000004,
            "min": 0.8000000000000003,
            "max": 1.0000000000000004,
            "count": 5
        },
        "MoveBehavior.Policy.Beta.mean": {
            "value": 0.005000000000000001,
            "min": 0.005000000000000001,
            "max": 0.005000000000000001,
            "count": 5
        },
        "MoveBehavior.Policy.Beta.sum": {
            "value": 0.025000000000000005,
            "min": 0.020000000000000004,
            "max": 0.025000000000000005,
            "count": 5
        }
    },
    "metadata": {
        "timer_format_version": "0.1.0",
        "start_time_seconds": "1713704310",
        "python_version": "3.10.12 | packaged by Anaconda, Inc. | (main, Jul  5 2023, 19:01:18) [MSC v.1916 64 bit (AMD64)]",
        "command_line_arguments": "C:\\Users\\Val\\anaconda3\\envs\\mlagents\\Scripts\\mlagents-learn --resume config.yaml",
        "mlagents_version": "1.0.0",
        "mlagents_envs_version": "1.0.0",
        "communication_protocol_version": "1.5.0",
        "pytorch_version": "1.13.1+cu117",
        "numpy_version": "1.23.3",
        "end_time_seconds": "1713706312"
    },
    "total": 2002.1642667999258,
    "count": 1,
    "self": 0.004936499986797571,
    "children": {
        "run_training.setup": {
            "total": 0.052853899891488254,
            "count": 1,
            "self": 0.052853899891488254
        },
        "TrainerController.start_learning": {
            "total": 2002.1064764000475,
            "count": 1,
            "self": 3.226930001983419,
            "children": {
                "TrainerController._reset_env": {
                    "total": 10.366187900071964,
                    "count": 1,
                    "self": 10.366187900071964
                },
                "TrainerController.advance": {
                    "total": 1988.4584114979953,
                    "count": 270512,
                    "self": 2.7046289931749925,
                    "children": {
                        "env_step": {
                            "total": 1904.3949547918746,
                            "count": 270512,
                            "self": 1388.20834047487,
                            "children": {
                                "SubprocessEnvManager._take_step": {
                                    "total": 514.0998715988826,
                                    "count": 270512,
                                    "self": 9.16313400794752,
                                    "children": {
                                        "TorchPolicy.evaluate": {
                                            "total": 504.9367375909351,
                                            "count": 258412,
                                            "self": 504.9367375909351
                                        }
                                    }
                                },
                                "workers": {
                                    "total": 2.086742718121968,
                                    "count": 270511,
                                    "self": 0.0,
                                    "children": {
                                        "worker_root": {
                                            "total": 1988.3015885879286,
                                            "count": 270511,
                                            "is_parallel": true,
                                            "self": 732.1362706852378,
                                            "children": {
                                                "steps_from_proto": {
                                                    "total": 0.000174800050444901,
                                                    "count": 1,
                                                    "is_parallel": true,