{
    "name": "root",
    "gauges": {
        "MoveBehavior.Policy.Entropy.mean": {
            "value": 1.3932636976242065,
            "min": 1.3932636976242065,
            "max": 1.4254058599472046,
            "count": 12
        },
        "MoveBehavior.Policy.Entropy.sum": {
            "value": 69704.984375,
            "min": 69704.984375,
            "max": 71308.78125,
            "count": 12
        },
        "MoveBehavior.Environment.EpisodeLength.mean": {
            "value": 418.5833333333333,
            "min": 35.666169895678095,
            "max": 418.5833333333333,
            "count": 12
        },
        "MoveBehavior.Environment.EpisodeLength.sum": {
            "value": 50230.0,
            "min": 47864.0,
            "max": 50230.0,
            "count": 12
        },
        "MoveBehavior.Step.mean": {
            "value": 599968.0,
            "min": 49953.0,
            "max": 599968.0,
            "count": 12
        },
        "MoveBehavior.Step.sum": {
            "value": 599968.0,
            "min": 49953.0,
            "max": 599968.0,
            "count": 12
        },
        "MoveBehavior.Policy.ExtrinsicValueEstimate.mean": {
            "value": 1974.4130859375,
            "min": 181.72230529785156,
            "max": 1987.7373046875,
            "count": 12
        },
        "MoveBehavior.Policy.ExtrinsicValueEstimate.sum": {
            "value": 1666404.625,
            "min": 315106.46875,
            "max": 1705478.625,
            "count": 12
        },
        "MoveBehavior.Environment.CumulativeReward.mean": {
            "value": 11521.331204938888,
            "min": 978.777401298773,
            "max": 11521.331204938888,
            "count": 12
        },
        "MoveBehavior.Environment.CumulativeReward.sum": {
            "value": 1382559.7445926666,
            "min": 1313519.2725429535,
            "max": 1382559.7445926666,
            "count": 12
        },
        "MoveBehavior.Policy.ExtrinsicReward.mean": {
            "value": 11521.331204938888,
            "min": 978.777401298773,
            "max": 11521.331204938888,
            "count": 12
        },
        "MoveBehavior.Policy.ExtrinsicReward.sum": {
            "value": 1382559.7445926666,
            "min": 1313519.2725429535,
            "max": 1382559.7445926666,
            "count": 12
        },
        "MoveBehavior.Losses.PolicyLoss.mean": {
            "value": 0.023562390801186363,
            "min": 0.020414050218338767,
            "max": 0.026094754172178602,
            "count": 12
        },
        "MoveBehavior.Losses.PolicyLoss.sum": {
            "value": 0.11781195400593181,
            "min": 0.08165620087335507,
            "max": 0.130473770860893,
            "count": 12
        },
        "MoveBehavior.Losses.ValueLoss.mean": {
            "value": 51460.98524739583,
            "min": 46461.406822916666,
            "max": 103282.23119791667,
            "count": 12
        },
        "MoveBehavior.Losses.ValueLoss.sum": {
            "value": 257304.92623697917,
            "min": 232307.03411458334,
            "max": 516411.15598958335,
            "count": 12
        },
        "MoveBehavior.Policy.LearningRate.mean": {
            "value": 0.0003,
            "min": 0.0003,
            "max": 0.0003,
            "count": 12
        },
        "MoveBehavior.Policy.LearningRate.sum": {
            "value": 0.0014999999999999998,
            "min": 0.0012,
            "max": 0.0014999999999999998,
            "count": 12
        },
        "MoveBehavior.Policy.Epsilon.mean": {
            "value": 0.2000000000000001,
            "min": 0.20000000000000007,
            "max": 0.2000000000000001,
            "count": 12
        },
        "MoveBehavior.Policy.Epsilon.sum": {
            "value": 1.0000000000000004,
            "min": 0.8000000000000003,
            "max": 1.0000000000000004,
            "count": 12
        },
        "MoveBehavior.Policy.Beta.mean": {
            "value": 0.005000000000000001,
            "min": 0.005000000000000001,
            "max": 0.005000000000000001,
            "count": 12
        },
        "MoveBehavior.Policy.Beta.sum": {
            "value": 0.025000000000000005,
            "min": 0.020000000000000004,
            "max": 0.025000000000000005,
            "count": 12
        },
        "MoveBehavior.IsTraining.mean": {
            "value": 1.0,
            "min": 1.0,
            "max": 1.0,
            "count": 12
        },
        "MoveBehavior.IsTraining.sum": {
            "value": 1.0,
            "min": 1.0,
            "max": 1.0,
            "count": 12
        }
    },
    "metadata": {
        "timer_format_version": "0.1.0",
        "start_time_seconds": "1713657724",
        "python_version": "3.10.12 | packaged by Anaconda, Inc. | (main, Jul  5 2023, 19:01:18) [MSC v.1916 64 bit (AMD64)]",
        "command_line_arguments": "C:\\Users\\Val\\anaconda3\\envs\\mlagents\\Scripts\\mlagents-learn --resume config.yaml",
        "mlagents_version": "1.0.0",
        "mlagents_envs_version": "1.0.0",
        "communication_protocol_version": "1.5.0",
        "pytorch_version": "1.13.1+cu117",
        "numpy_version": "1.23.3",
        "end_time_seconds": "1713683460"
    },
    "total": 25736.37383330008,
    "count": 1,
    "self": 0.004874200094491243,
    "children": {
        "run_training.setup": {
            "total": 0.05083560000639409,
            "count": 1,
            "self": 0.05083560000639409
        },
        "TrainerController.start_learning": {
            "total": 25736.31812349998,
            "count": 1,
            "self": 7.97318647231441,
            "children": {
                "TrainerController._reset_env": {
                    "total": 19.289555700030178,
                    "count": 1,
                    "self": 19.289555700030178
                },
                "TrainerController.advance": {
                    "total": 25709.002539227717,
                    "count": 651860,
                    "self": 7.330786055652425,
                    "children": {
                        "env_step": {
                            "total": 25527.41794194025,
                            "count": 651860,
                            "self": 23527.06974118855,
                            "children": {
                                "SubprocessEnvManager._take_step": {
                                    "total": 1995.0099101765081,
                                    "count": 651861,
                                    "self": 23.42035828612279,
                                    "children": {
                                        "TorchPolicy.evaluate": {
                                            "total": 1971.5895518903853,
                                            "count": 647221,
                                            "self": 1971.5895518903853
                                        }
                                    }
                                },
                                "workers": {
                                    "total": 5.338290575193241,
                                    "count": 651859,
                                    "self": 0.0,
                                    "children": {
                                        "worker_root": {
                                            "total": 25686.799419454066,
                                            "count": 651859,
                                            "is_parallel": true,
                                            "self": 2531.995178143261,
                                            "children": {
                                                "steps_from_proto": {
                                                    "total": 0.0003562000347301364,
                                                    "count": 2,
                                                    "is_parallel": true,