{"count":1,"self":22212.889804799997,"total":25690.6677445,"children":{"InitializeActuators":{"count":1,"self":0,"total":0,"children":null},"InitializeSensors":{"count":1,"self":0.0020038,"total":0.0020038,"children":null},"AgentSendState":{"count":3227584,"self":44.477964799999995,"total":169.6268074,"children":{"CollectObservations":{"count":645517,"self":2.6226428,"total":2.6226428999999998,"children":null},"WriteActionMask":{"count":645517,"self":1.1588254999999998,"total":1.1588254999999998,"children":null},"RequestDecision":{"count":645517,"self":4.89306,"total":121.3673731,"children":{"AgentInfo.ToProto":{"count":645517,"self":4.4947748,"total":116.47431329999999,"children":{"GenerateSensorData":{"count":645517,"self":109.78044159999999,"total":111.9795386,"children":{"RayPerceptionSensor.Perceive":{"count":645517,"self":2.1991,"total":2.1991001,"children":null}}}}}}}}},"DecideAction":{"count":3227584,"self":3091.8668288,"total":3091.8668296,"children":null},"AgentAct":{"count":3227584,"self":215.0438144,"total":215.0944767,"children":{"AgentInfo.ToProto":{"count":289,"self":0.0015042999999999999,"total":0.050653699999999996,"children":{"GenerateSensorData":{"count":289,"self":0.046110899999999996,"total":0.049149399999999996,"children":{"RayPerceptionSensor.Perceive":{"count":289,"self":0.0030385,"total":0.0030385,"children":null}}}}}}},"AgentInfo.ToProto":{"count":6203,"self":0.0646948,"total":1.1876619,"children":{"GenerateSensorData":{"count":6203,"self":1.1076039,"total":1.1229670999999999,"children":{"RayPerceptionSensor.Perceive":{"count":6203,"self":0.015363199999999999,"total":0.015363199999999999,"children":null}}}}}},"gauges":{"Move Behavior.CumulativeReward":{"count":6492,"max":29264.3047,"min":-20,"runningAverage":2693.85181,"value":26370.7012,"weightedAverage":10179.9}},"metadata":{"timer_format_version":"0.1.0","start_time_seconds":"1713657773","unity_version":"2022.3.4f1","command_line_arguments":"C:\\Program Files\\Unity\\Hub\\Editor\\2022.3.4f1\\Editor\\Unity.exe -projectpath C:\\Users\\Val\\UnityProjects\\MagisterkaEnv\\Inzynierka -useHub -hubIPC -cloudEnvironment production -licensingIpc LicenseClient-Val -hubSessionId 7a150f6f-43f3-4348-b921-e8557027bc9d -accessToken 3v4rhcbwhXq-dbluDO-r4mIIVHlQ7ZY3GaNUtkVetag007f","communication_protocol_version":"1.5.0","com.unity.ml-agents_version":"2.0.1","scene_name":"SampleScene","end_time_seconds":"1713683464"}}